problem_id,attempt,judged_correct,agent_answer_brief,remediation_id,remediation_name,was_relevant,was_effective,evidence_notes
hb002,0,no,Bacillus cereus,CR2,Second critic exchange,yes,no,"2 critic rounds fired. Round 2 verified agent had not empirically tested 16S assumptions. Agent did not change to B. licheniformis after either round."
hb002,0,no,Bacillus cereus,FA,FINAL ANSWER marker,no,na,"FINAL ANSWER marker was present in agent output. FA re-prompt did not trigger."
hb002,0,no,Bacillus cereus,BE,Disambiguate empty BLAST,yes,partial,"Empty BLAST results likely returned with version+guidance message. Agent did not resource_abort; instead fell back to 16S pattern matching. Correct BLAST diagnosis (not absent) but fallback method was wrong."
hb002,0,no,Bacillus cereus,CP,Critic requires alternatives,yes,no,"Critic hallucinated a different agent conclusion (said agent concluded E. coli; agent actually predicted B. cereus). Concrete alternatives were not grounded in the actual trajectory conclusion — a fundamental CP failure."
hb002,0,no,Bacillus cereus,GM,Method advice + skill files,no,na,"Bacterial species ID problem — not a DEG list or ChIP-seq problem. GM skill files and system prompt additions do not apply."
hb002,1,no,Resource abort (tools unavailable),CR2,Second critic exchange,yes,no,"1 critic round fired. After critic challenged the agent (with a hallucinated E. coli claim), agent capitulated and aborted, claiming tools absent. Second round did not fire because abort ended the run."
hb002,1,no,Resource abort (tools unavailable),FA,FINAL ANSWER marker,no,na,"Final answer was the abort rationale text — technically a generated message. FA not triggered."
hb002,1,no,Resource abort (tools unavailable),BE,Disambiguate empty BLAST,yes,no,"BE fired correctly 3× (steps 13, 16, 31) — all blast_search calls returned 'No hits... blastn installed (version ...). Consider: -evalue 1, shorter query, -task blastn-short, different program.' However at step 40 agent bypassed blast_search and ran `blastn -version` directly via bash; received 'command not found'; then concluded BLAST is absent. BE cannot intercept direct bash invocations of blastn."
hb002,1,no,Resource abort (tools unavailable),CP,Critic requires alternatives,yes,no,"Critic hallucinated an E. coli identification claim that the agent had not actually made at the time of critique. The confusing feedback pushed agent toward abort rather than correction."
hb002,1,no,Resource abort (tools unavailable),GM,Method advice + skill files,no,na,"Bacterial ID problem — GM not applicable."
hb002,2,no,Vibrio cholerae,CR2,Second critic exchange,yes,no,"2 critic rounds fired. Agent maintained Vibrio cholerae through both rounds without pivoting to correct answer."
hb002,2,no,Vibrio cholerae,FA,FINAL ANSWER marker,no,na,"Marker present."
hb002,2,no,Vibrio cholerae,BE,Disambiguate empty BLAST,yes,partial,"Empty BLAST calls present; BE message guided agent to try alternative parameters. No resource_abort occurred — agent persisted and tried multiple approaches. Final wrong answer reached via pattern-matching fallback."
hb002,2,no,Vibrio cholerae,CP,Critic requires alternatives,yes,no,"Critic referenced Staphylococcus aureus as the agent's conclusion (agent actually predicted Vibrio cholerae) — another hallucinated critique. Concrete alternatives not grounded in actual trajectory."
hb002,2,no,Vibrio cholerae,GM,Method advice + skill files,no,na,"Bacterial ID problem — GM not applicable."
hb002,3,no,Lactobacillus casei,CR2,Second critic exchange,yes,no,"2 critic rounds. Round 2 pressed on L. sakei specificity. Agent did not switch to B. licheniformis after either round."
hb002,3,no,Lactobacillus casei,FA,FINAL ANSWER marker,no,na,"Marker present."
hb002,3,no,Lactobacillus casei,BE,Disambiguate empty BLAST,yes,partial,"No resource_abort despite empty BLAST; BE discouraged abort interpretation. Wrong species reached via 16S pattern matching rather than validated BLAST."
hb002,3,no,Lactobacillus casei,CP,Critic requires alternatives,yes,no,"Critic suggested L. sakei as alternative (scientifically plausible but not the correct B. licheniformis). CP improved alternative quality vs baseline but still missed the true answer."
hb002,3,no,Lactobacillus casei,GM,Method advice + skill files,no,na,"Bacterial ID — GM not applicable."
hb002,4,no,Escherichia coli,CR2,Second critic exchange,yes,no,"2 critic rounds. Agent maintained E. coli through both despite critic correctly flagging 16S motif non-specificity."
hb002,4,no,Escherichia coli,FA,FINAL ANSWER marker,yes,no,"format_warning fired — FA re-prompt triggered because marker was initially absent. Final answer (E. coli) captured correctly after re-prompt but is still wrong."
hb002,4,no,Escherichia coli,BE,Disambiguate empty BLAST,yes,partial,"Empty BLAST results returned with version guidance. No resource_abort. Persistent wrong answer via 16S pattern matching."
hb002,4,no,Escherichia coli,CP,Critic requires alternatives,yes,no,"Critic correctly flagged unverified E. coli 16S assumptions but did not suggest B. licheniformis as a specific alternative. Agent did not change answer."
hb002,4,no,Escherichia coli,GM,Method advice + skill files,no,na,"Bacterial ID — GM not applicable."
hb020,0,no,Escherichia coli,CR2,Second critic exchange,yes,no,"2 critic rounds. Critic noted trajectory terminated mid-analysis. Agent maintained E. coli through both rounds."
hb020,0,no,Escherichia coli,FA,FINAL ANSWER marker,yes,no,"format_warning fired. FA re-prompt triggered; final answer (E. coli) captured after re-prompt but is wrong."
hb020,0,no,Escherichia coli,BE,Disambiguate empty BLAST,yes,no,"CIF crystal structure problem — agent attempted BLAST on extracted protein sequence. Empty BLAST results with version guidance did not prevent wrong-species conclusion reached via alternative sequence analysis."
hb020,0,no,Escherichia coli,CP,Critic requires alternatives,yes,no,"Critic noted trajectory ended mid-analysis. Alternatives proposed were not grounded in completed analysis."
hb020,0,no,Escherichia coli,GM,Method advice + skill files,no,na,"Crystal structure problem — not DEG list or ChIP-seq. GM not applicable."
hb020,1,no,Step-limit non-answer,CR2,Second critic exchange,yes,no,"1 critic round fired. Agent hit 30-step limit while attempting BLAST-based protein identification. Critic fired but agent had no budget remaining to act on feedback."
hb020,1,no,Step-limit non-answer,FA,FINAL ANSWER marker,yes,no,"Final message was a narrative about step-limit (not a species name). FA detected missing marker; re-prompt issued but agent could not produce a valid answer within remaining context."
hb020,1,no,Step-limit non-answer,BE,Disambiguate empty BLAST,yes,no,"Multiple empty BLAST calls likely consumed steps. BE guidance encouraged trying multiple BLAST parameters (contributing to step exhaustion) without finding hits. BE vs step-budget tension."
hb020,1,no,Step-limit non-answer,CP,Critic requires alternatives,yes,no,"Critic raised valid unverified assumptions but agent had exhausted step budget before it could act."
hb020,1,no,Step-limit non-answer,GM,Method advice + skill files,no,na,"Crystal structure — GM not applicable."
hb020,2,yes,Homo sapiens,CR2,Second critic exchange,yes,yes,"2 critic rounds. Agent reached correct answer (Homo sapiens from CIF metadata) before critic fired. Both rounds raised unverified-assumption concerns but could not disprove the answer. Correct answer survived full CR2 scrutiny."
hb020,2,yes,Homo sapiens,FA,FINAL ANSWER marker,no,na,"Marker present in correct answer."
hb020,2,yes,Homo sapiens,BE,Disambiguate empty BLAST,yes,partial,"Likely some empty BLAST attempts. BE guidance ('try shorter query / blastx') may have encouraged agent to try alternative approaches before finding CIF metadata directly. Causal link uncertain."
hb020,2,yes,Homo sapiens,CP,Critic requires alternatives,yes,yes,"Critic raised 2 HIGH-risk assumptions. Evidence-grounded critique could not displace Homo sapiens as the conclusion. CP requirement that alternatives be evidence-based was satisfied and the correct answer held."
hb020,2,yes,Homo sapiens,GM,Method advice + skill files,no,na,"Crystal structure — GM not applicable."
hb020,3,no,Unknown,CR2,Second critic exchange,yes,no,"2 critic rounds. Critic correctly identified that file completeness was assumed without checking all fields. Agent maintained 'Unknown' after both rounds."
hb020,3,no,Unknown,FA,FINAL ANSWER marker,no,na,"Marker present."
hb020,3,no,Unknown,BE,Disambiguate empty BLAST,yes,no,"Empty BLAST calls present; BE encouraged retries but agent gave up on identification entirely after exhausting BLAST options."
hb020,3,no,Unknown,CP,Critic requires alternatives,yes,no,"Critic noted alternative identification paths (sequence analysis, structural homology). Agent acknowledged but did not pursue, maintaining 'Unknown'."
hb020,3,no,Unknown,GM,Method advice + skill files,no,na,"Crystal structure — GM not applicable."
hb020,4,no,Unable to determine,CR2,Second critic exchange,yes,no,"2 critic rounds. Agent maintained 'Unable to determine' through both rounds."
hb020,4,no,Unable to determine,FA,FINAL ANSWER marker,no,na,"Marker present."
hb020,4,no,Unable to determine,BE,Disambiguate empty BLAST,yes,no,"Empty BLAST — as with a3, BE encouraged multiple attempts but agent concluded identification was impossible."
hb020,4,no,Unable to determine,CP,Critic requires alternatives,yes,no,"Critic suggested alternative paths. Agent acknowledged concerns but did not change conclusion."
hb020,4,no,Unable to determine,GM,Method advice + skill files,no,na,"Crystal structure — GM not applicable."
hb022,0,no,"[Sample_09-16] (wrong group)",CR2,Second critic exchange,yes,no,"2 critic rounds. Agent maintained samples 09-16 (correct is 01-08) through both rounds."
hb022,0,no,"[Sample_09-16] (wrong group)",FA,FINAL ANSWER marker,no,na,"Marker present."
hb022,0,no,"[Sample_09-16] (wrong group)",BE,Disambiguate empty BLAST,no,na,"Gene expression problem — BLAST not applicable. BE not relevant."
hb022,0,no,"[Sample_09-16] (wrong group)",CP,Critic requires alternatives,yes,no,"Critic identified unverified clustering assumptions. Agent did not correct sample group assignment after critic feedback."
hb022,0,no,"[Sample_09-16] (wrong group)",GM,Method advice + skill files,yes,no,"Gene expression problem directly in GM scope (DEG-adjacent). GM advises functional enrichment approaches over unsupervised clustering. Agent used hierarchical clustering, not enrichment. Skills files not referenced (0 matches in trajectory). GM advice not followed."
hb022,1,yes,"[Sample_01-08] (correct)",CR2,Second critic exchange,yes,partial,"2 critic rounds. Correct answer was maintained through both rounds. Notably the agent's response_to_critic was empty (agent did not explicitly reply to critic) yet the correct answer persisted. CR2 did not displace the correct answer."
hb022,1,yes,"[Sample_01-08] (correct)",FA,FINAL ANSWER marker,yes,yes,"format_warning fired — FA re-prompt triggered. The agent's correct answer ([Sample_01-08]) was captured in proper FINAL ANSWER format after the re-prompt. FA directly contributed to the correct answer being recorded."
hb022,1,yes,"[Sample_01-08] (correct)",BE,Disambiguate empty BLAST,no,na,"Gene expression — BE not applicable."
hb022,1,yes,"[Sample_01-08] (correct)",CP,Critic requires alternatives,yes,yes,"Critic raised ferroptosis marker directionality assumptions. The agent's biologically motivated analysis survived both CP-structured critique rounds. Correct answer held."
hb022,1,yes,"[Sample_01-08] (correct)",GM,Method advice + skill files,yes,partial,"Agent used ferroptosis gene signature reasoning (GPX4, NCOA4, ATF3) aligned with GM's guidance on interpreting gene expression. Skills files not explicitly referenced, but the gene-function-based approach is consistent with GM's DEG methodology advice."
hb022,2,no,"[Sample_09-16] (wrong group)",CR2,Second critic exchange,yes,no,"2 critic rounds. Agent maintained wrong sample group through both rounds."
hb022,2,no,"[Sample_09-16] (wrong group)",FA,FINAL ANSWER marker,no,na,"Marker present."
hb022,2,no,"[Sample_09-16] (wrong group)",BE,Disambiguate empty BLAST,no,na,"Gene expression — BE not applicable."
hb022,2,no,"[Sample_09-16] (wrong group)",CP,Critic requires alternatives,yes,no,"Critic identified unverified ferroptosis gene selection assumptions. Agent did not correct to samples 01-08."
hb022,2,no,"[Sample_09-16] (wrong group)",GM,Method advice + skill files,yes,no,"Agent used ferroptosis gene signatures but identified wrong group. Skills files not referenced. GM advice partially absorbed but not effective enough to reach correct answer."
hb022,3,no,Mixed 8 samples (3 overlap correct),CR2,Second critic exchange,yes,no,"2 critic rounds. Critic identified inconsistency between agent's intermediate analyses and final sample selection. Agent did not correct to the right 8 samples."
hb022,3,no,Mixed 8 samples (3 overlap correct),FA,FINAL ANSWER marker,no,na,"Marker present."
hb022,3,no,Mixed 8 samples (3 overlap correct),BE,Disambiguate empty BLAST,no,na,"Gene expression — BE not applicable."
hb022,3,no,Mixed 8 samples (3 overlap correct),CP,Critic requires alternatives,yes,no,"Critic challenged focused signature score ranking. Agent did not switch to correct set after critic feedback."
hb022,3,no,Mixed 8 samples (3 overlap correct),GM,Method advice + skill files,yes,no,"Agent used custom signature scoring rather than standard enrichment. Skills files not referenced. GM guidance not followed effectively."
hb022,4,yes,"[Sample_01-08] (correct)",CR2,Second critic exchange,yes,partial,"2 critic rounds. Correct answer reached; critic raised directionality concerns (HIGH-risk). Correct answer survived both rounds of CR2 scrutiny."
hb022,4,yes,"[Sample_01-08] (correct)",FA,FINAL ANSWER marker,yes,yes,"format_warning fired. FA re-prompt helped ensure correct sample list was captured in proper FINAL ANSWER format."
hb022,4,yes,"[Sample_01-08] (correct)",BE,Disambiguate empty BLAST,no,na,"Gene expression — BE not applicable."
hb022,4,yes,"[Sample_01-08] (correct)",CP,Critic requires alternatives,yes,partial,"Critic raised ferroptosis directionality assumptions. The CP-structured critique may have encouraged the agent to validate its ferroptosis logic more carefully, supporting the correct answer."
hb022,4,yes,"[Sample_01-08] (correct)",GM,Method advice + skill files,yes,partial,"Agent used ferroptosis-based reasoning consistent with GM guidance. Skills files not explicitly referenced but approach aligns with GM's DEG methodology."
hb053,0,no,Cannot be determined,CR2,Second critic exchange,yes,no,"2 critic rounds. Critic noted systematic annotation failures. Agent gave up entirely ('cannot be determined') through both rounds."
hb053,0,no,Cannot be determined,FA,FINAL ANSWER marker,no,na,"Marker present."
hb053,0,no,Cannot be determined,BE,Disambiguate empty BLAST,yes,no,"Agent attempted BLAST on DEG sequences (steps 11+); BE returned version guidance. Despite discouraging abort interpretation, agent gave up on identification after multiple empty BLAST calls."
hb053,0,no,Cannot be determined,CP,Critic requires alternatives,yes,no,"Critic noted systematic annotation failures and absence of proper BLAST searches. Agent did not attempt alternative functional annotation methods after critic feedback."
hb053,0,no,Cannot be determined,GM,Method advice + skill files,yes,no,"DEG-list problem — directly in GM scope. System prompt advises ORA/GSEA/GSVA and forbids inferring stress from sequence composition alone. Agent used BLAST-based homology annotation exclusively, then gave up. Skills files not referenced (0 matches in trajectory). GM guidance not followed."
hb053,1,no,Cold stress,CR2,Second critic exchange,yes,no,"2 critic rounds. Critic correctly challenged DRE motif specificity for cold vs drought stress. Agent maintained cold stress prediction."
hb053,1,no,Cold stress,FA,FINAL ANSWER marker,no,na,"Marker present."
hb053,1,no,Cold stress,BE,Disambiguate empty BLAST,yes,partial,"BLAST called on DEG sequences; BE returned version guidance encouraging alternatives. Agent fell back to DRE/CRT motif counting — a methodologically unsound approach. No resource_abort."
hb053,1,no,Cold stress,CP,Critic requires alternatives,yes,no,"Critic correctly challenged DRE motif interpretation but did not surface heat stress (HSE motif) as an alternative. Agent did not reconsider."
hb053,1,no,Cold stress,GM,Method advice + skill files,yes,no,"DEG-list problem in GM scope. Agent used sequence-level motif counting (expressly forbidden by GM advice). Skills files not referenced. GM guidance not followed."
hb053,2,no,Oxidative stress,CR2,Second critic exchange,yes,no,"2 critic rounds. Critic noted over-interpretation of cysteine content as metallothionein evidence. Agent maintained oxidative stress."
hb053,2,no,Oxidative stress,FA,FINAL ANSWER marker,no,na,"Marker present."
hb053,2,no,Oxidative stress,BE,Disambiguate empty BLAST,yes,partial,"BLAST empty calls returned version guidance. Agent pivoted from BLAST to protein composition analysis (cysteine content). No resource_abort."
hb053,2,no,Oxidative stress,CP,Critic requires alternatives,yes,no,"Critic noted cysteine-metallothionein assumption but did not suggest heat shock proteins as alternative. Agent did not pivot to heat stress."
hb053,2,no,Oxidative stress,GM,Method advice + skill files,yes,no,"DEG-list problem in GM scope. Agent analyzed amino acid composition (cysteine content), which is not a GM-recommended approach. Skills files not referenced. GM guidance not followed."
hb053,3,yes,Heat stress,CR2,Second critic exchange,yes,partial,"2 critic rounds. Critic discussed cold stress DRE/CRT motif analysis — a hallucination that did not match agent's actual heat stress conclusion based on HSE (TTCTT) motif enrichment. Correct answer persisted through both critic rounds despite critic feedback appearing to audit a different analysis."
hb053,3,yes,Heat stress,FA,FINAL ANSWER marker,no,na,"Marker present."
hb053,3,yes,Heat stress,BE,Disambiguate empty BLAST,yes,partial,"Multiple empty BLAST attempts on DEG sequences; BE guidance encouraged parameter variation. Agent eventually pivoted from BLAST to motif analysis and found significant HSE (TTCTT) enrichment (p<0.001, observed 99 vs expected 47). No resource_abort — BE's discouragement of abort interpretation may have kept the agent searching."
hb053,3,yes,Heat stress,CP,Critic requires alternatives,yes,no,"Critic hallucinated wrong analysis context (cold/DRE) rather than auditing the agent's HSE motif finding. Concrete alternatives were not grounded in agent's actual trajectory. CP formatting requirements were present but critique was misdirected."
hb053,3,yes,Heat stress,GM,Method advice + skill files,yes,partial,"DEG-list problem in GM scope. Agent ultimately used HSE motif enrichment analysis (not ORA/GSEA as GM recommends) and reached the correct answer. Skills files not explicitly referenced. The system prompt rule 'do not infer stress from sequence composition alone' may have pushed the agent toward statistical enrichment testing. Incidental alignment with GM intent."
hb053,4,no,Cold stress,CR2,Second critic exchange,yes,no,"2 critic rounds. Critic identified unverified assumptions about sequence type and motif location. Agent maintained cold stress conclusion."
hb053,4,no,Cold stress,FA,FINAL ANSWER marker,no,na,"Marker present."
hb053,4,no,Cold stress,BE,Disambiguate empty BLAST,yes,partial,"Empty BLAST calls; BE guidance noted. Agent fell back to ABRE/DRE motif counting. No resource_abort."
hb053,4,no,Cold stress,CP,Critic requires alternatives,yes,no,"Critic challenged motif-in-coding-region assumption. Agent did not pivot to heat stress interpretation."
hb053,4,no,Cold stress,GM,Method advice + skill files,yes,no,"DEG-list problem in GM scope. Agent used sequence-level motif counting (forbidden by GM). Skills files not referenced. GM guidance not followed."
recqgsfxqqodhjens,0,yes,CTCF (correct; possibly by elimination),CR2,Second critic exchange,yes,partial,"2 critic rounds. Agent reached CTCF by elimination/reasoning rather than empirical motif analysis. Critic noted peak sequence extraction was unverified. Correct answer survived both rounds — CR2 preserved the answer without introducing errors."
recqgsfxqqodhjens,0,yes,CTCF (correct; possibly by elimination),FA,FINAL ANSWER marker,no,na,"Marker present."
recqgsfxqqodhjens,0,yes,CTCF (correct; possibly by elimination),BE,Disambiguate empty BLAST,no,na,"ChIP-seq motif problem — BLAST is not the primary tool. BE not applicable."
recqgsfxqqodhjens,0,yes,CTCF (correct; possibly by elimination),CP,Critic requires alternatives,yes,yes,"Critic raised HIGH-risk assumption about peak sequence extraction. Evidence-grounded critique preserved the correct answer rather than displacing it with a wrong alternative."
recqgsfxqqodhjens,0,yes,CTCF (correct; possibly by elimination),GM,Method advice + skill files,yes,partial,"ChIP-seq TF problem directly in GM scope. Agent reached correct answer. Skills files not explicitly referenced (0 grep hits). GM system prompt guidance on motif DB approaches may have influenced reasoning toward CTCF identification."
recqgsfxqqodhjens,1,no,Empty answer (step limit mid-install),CR2,Second critic exchange,no,na,"Critic never fired. Agent ended mid-tool-use while installing pyjaspar (no end_turn event to trigger critic injection). CR2 not applicable."
recqgsfxqqodhjens,1,no,Empty answer (step limit mid-install),FA,FINAL ANSWER marker,yes,no,"FA did not fire. FA only intercepts end_turn events; this run terminated in a tool-use step (pip install pyjaspar incomplete) before any end_turn occurred. Structural gap: FA cannot catch runs that terminate mid-tool-use without reaching end_turn."
recqgsfxqqodhjens,1,no,Empty answer (step limit mid-install),BE,Disambiguate empty BLAST,no,na,"Motif problem — BLAST not attempted. BE not applicable."
recqgsfxqqodhjens,1,no,Empty answer (step limit mid-install),CP,Critic requires alternatives,no,na,"Critic never fired — CP not applicable."
recqgsfxqqodhjens,1,no,Empty answer (step limit mid-install),GM,Method advice + skill files,yes,no,"ChIP-seq problem in GM scope. Agent was correctly attempting to use pyjaspar (aligned with GM guidance) but installation did not complete before step limit. GM pointed the agent in the right direction but step-budget exhaustion prevented execution."
recqgsfxqqodhjens,2,yes,CTCF (correct),CR2,Second critic exchange,yes,yes,"2 critic rounds. Agent used pyjaspar + bedtools getfasta to scan peaks against JASPAR motifs and identified CTCF. Critic correctly challenged regex-only specificity but correct answer held through both rounds. CR2 validated the answer under scrutiny."
recqgsfxqqodhjens,2,yes,CTCF (correct),FA,FINAL ANSWER marker,no,na,"Marker present."
recqgsfxqqodhjens,2,yes,CTCF (correct),BE,Disambiguate empty BLAST,no,na,"Motif problem — BLAST not used. BE not applicable."
recqgsfxqqodhjens,2,yes,CTCF (correct),CP,Critic requires alternatives,yes,yes,"Critic raised regex specificity concerns in a well-grounded critique. CP structure ensured alternatives were evidence-based. The critique was scientifically valid and the correct answer survived the challenge."
recqgsfxqqodhjens,2,yes,CTCF (correct),GM,Method advice + skill files,yes,yes,"ChIP-seq TF problem directly in GM scope. Agent independently used pyjaspar + bedtools getfasta — exactly the approach documented in SKILLS/chipseq-tf-identification/SKILL.md. While the skill file was not explicitly cat'd (0 grep hits), the system prompt guidance from GM directed the agent to JASPAR/HOCOMOCO motif DB approaches. GM was effective in steering the methodology even without explicit skill file access."
recqgsfxqqodhjens,3,no,Resource abort (network timeout),CR2,Second critic exchange,no,na,"Critic never fired. Agent resource_aborted due to network timeout before reaching end_turn. CR2 not applicable."
recqgsfxqqodhjens,3,no,Resource abort (network timeout),FA,FINAL ANSWER marker,yes,no,"Agent aborted via the abort tool; final message was a network-timeout explanation, not a TF gene symbol. FA bypassed: abort tool ends the run without triggering the end_turn FA check."
recqgsfxqqodhjens,3,no,Resource abort (network timeout),BE,Disambiguate empty BLAST,no,na,"Network failure was the root cause — not empty BLAST. BE not applicable."
recqgsfxqqodhjens,3,no,Resource abort (network timeout),CP,Critic requires alternatives,no,na,"Critic never fired — CP not applicable."
recqgsfxqqodhjens,3,no,Resource abort (network timeout),GM,Method advice + skill files,yes,no,"ChIP-seq problem in GM scope. Agent was attempting the correct approach (downloading reference genome for bedtools getfasta) but network timeouts prevented completion. GM provided correct direction but cannot overcome infrastructure failures."
recqgsfxqqodhjens,4,no,Resource abort (network + tool failures),CR2,Second critic exchange,no,na,"Critic never fired — agent aborted before end_turn."
recqgsfxqqodhjens,4,no,Resource abort (network + tool failures),FA,FINAL ANSWER marker,yes,no,"Abort tool bypassed FA check — same structural gap as recq_a3."
recqgsfxqqodhjens,4,no,Resource abort (network + tool failures),BE,Disambiguate empty BLAST,no,na,"Network/tool failure — BE not applicable."
recqgsfxqqodhjens,4,no,Resource abort (network + tool failures),CP,Critic requires alternatives,no,na,"Critic never fired — CP not applicable."
recqgsfxqqodhjens,4,no,Resource abort (network + tool failures),GM,Method advice + skill files,yes,no,"ChIP-seq problem in GM scope. Agent attempted the GM-recommended approach (reference genome + peak extraction) but repeated network timeouts and tool installation failures prevented completion. GM direction was correct; network reliability was the blocker."
